ean,quantity,product_quantity,product_quantity_unit
5060337501316,500ml,500.0,ml
8015057003760,500 g,500.0,g
8423352861402,1 l,1000.0,ml
8424523030016,400g,400.0,g
8425514085619,465g  6 und,465.0,g
6945845570018,300g,300.0,g
8480000582485,200g,200.0,g
8480000161178,290 g,290.0,g
8410415370728,750 ml,750.0,ml
8410109001136,"",,
8410297159992,700g,700.0,g
8437013139250,300 g,300.0,g
8480000103765,200 ml,200.0,ml
5601055317225,200g,200.0,g
8480000279446,250 ml,250.0,ml
8480000613639,600g,600.0,g
8480000590909,240 g ( 4 x 60 g),240.0,g
8480000070319,1 l,1000.0,ml
8480000681492,400 g (4 x 100 g),400.0,g
8480000114006,40g,40.0,g
8480000140388,"268 g (8 x 33,5 g)",268.0,g
8480000093332,175g,175.0,g
8480000175021,50g,50.0,g
8480000165190,110 g,110.0,g
8411131010592,125g,125.0,g
8480000511928,"",,
8001405089876,250 g,250.0,g
8480000044914,350 g,350.0,g
8480000634740,520g,520.0,g
8480000645142,1000 ml (15 x 66 ml),990.0,ml
8480000290762,2 l,2000.0,ml
8007640986970,96g,96.0,g
8480000186195,"",,
8480000050205,1 kg,1000.0,g
8480000062772,500 g,500.0,g
8480000340955,125 g,125.0,g
8480000290779,2 l,2000.0,ml
8480000143259,4 x 200 g,800.0,g
8480000141590,500 g,500.0,g
8480000633392,400 g,400.0,
8480000044877,350 g,350.0,g
8480000044938,350 g,350.0,g
8480000141538,6x42g,252.0,g
8410175056603,235 g,235.0,
8480000349637,200 g,200.0,g
8411769004185,240 g,240.0,g
8410175073761,410g  - 24 tomas,410.0,g
8480000650702,"",,
8480000182128,"180 g (neto, 2 x 90 g), 130 g (escurrido, 2 x 65 g)",180.0,g
8480000106421,250 ml,250.0,ml
8410175056559,235 g,235.0,g
8480000621214,"",,
8480000125248,100 g,100.0,
8480000323613,2 x 85 g E- 120 ( informaros son insectos),170.0,g
8480000826565,350 gramos,350.0,g
8480000091901,200ml,200.0,ml
8410175056634,"",,
8480000174413,1pcs,0.0,
8411767020811,750 ml,750.0,ml
8480000125309,200 g,200.0,g
8480000636133,415 g,415.0,g
8480000106780,1 L,1000.0,ml
8480000290489,"",,
8480000641960,6 x 65 g,390.0,g
8480000341709,70 g,70.0,g
8480000117441,250 g,250.0,g
8420887060331,330 ml,330.0,ml
8437013139038,150 g,150.0,g
8480000124760,100 g,100.0,g
8480000107312,1 litro,1000.0,ml
8480000282644,250ml,250.0,ml
8410106023254,750 ml,750.0,ml
8480000823311,220g,220.0,g
8480000213334,280 g,280.0,g
8480000876010,520 g,520.0,g
8410128160036,9 l,9000.0,ml
8480000291066,5 kg,5000.0,g
8410744008675,750 ml,750.0,ml
8480000581549,"",,
8410297113673,"",,
84195326,33 cl,330.0,ml
8420887000306,3 l,3000.0,ml
8480000611253,450 g,450.0,
8480000289384,750 ml,750.0,
8480000285768,"1,5 l",1500.0,ml
8480000876027,1.900g,1.9,g
8412837250015,"",,
8421384092375,"",,
8480000807847,250 g,250.0,g
8480000282668,"1,5 l",1500.0,ml
8410055151039,6 l,6000.0,ml
8480000125866,100 g,100.0,
8480000667830,,,
8711000500613,132.8 g,132.8,g
8413481112100,,,
8410744002178,750 ml,750.0,
8480000144300,500g,500.0,g
8480000505453,300g,300.0,g
8480000095886,400 g,400.0,g
8412423121705,750 ml,750.0,ml
8480000645227,6 x 110 ml,660.0,ml
8480000808929,240 g,240.0,g
8437016313015,,,
8480000062741,,,
8480000142412,250 g,250.0,g
8437008459097,1 litro,1000.0,ml
8480000707413,150 ml,150.0,ml
8480000168627,150 g,150.0,
8480000168832,500 g,500.0,g
8480000860088,550 g,550.0,g
8480000134066,500ml,500.0,ml
8480000403155,1kg,1000.0,g
8423408104002,1 l,1000.0,
8480000136091,250 ml,250.0,ml
8480000136367,112 g,112.0,g
8480000135025,400 g (2 x 200 g),400.0,g
8480000106728,250 ml,250.0,ml
8480000111715,250 g,250.0,g
8480000713803,,,
8480000107541,"",,
8410184040754,2 x 125 g,250.0,g
5449000059840,4 x 500ml,2000.0,ml
8480000222497,250g,250.0,g
8410184040747,250g,250.0,g
8480000135964,104 g,104.0,g
8480000159533,"24 unidades, 52 gramos",52.0,g
8480000221643,200 g,200.0,g
8402001000621,400 g,400.0,g
8480000135933,500 g,500.0,g
8480000159670,285 g  (125g escurridos) 16/09/22,285.0,g
8480000521767,240 g (3 x 80 g),240.0,g
8480000141736,150 g,150.0,g
8402001000591,450 g,450.0,g
8480000591654,"125 g (4 x 31,25 g)",125.0,g
8423352861792,250 ml,250.0,ml
8480000229328,,,
8437008459103,"1,5 Litros",1500.0,ml
8480000235602,,,
8480000233653,200g,200.0,
8480000235626,350 g,350.0,g
8480000232311,108 g,108.0,g
8480000230539,,,
8411767281151,750 ml,750.0,ml
8854692010357,250 ml,250.0,ml
8413041318065,330 ml,330.0,ml
8480000676603,250 g,250.0,g
8480000236777,,,
8480000860743,225 g,225.0,g
8480000866844,440g,440.0,g
8410537600727,0.7l,700.0,ml
8480000606990,"",,
8480000722058,,,
8480000227201,350 g,350.0,g
8480000862020,250g,250.0,g
8480000138569,430 g,430.0,g
5411188137993,400 g,400.0,g
8437012660113,,,
8402001001451,250 g,250.0,g
8480000706522,150g,150.0,g
8480000602435,225 g,225.0,g
8402001012433,"",,
8480000467300,,,
8480000403223,500ml,500.0,ml
8480000524089,250,0.0,
8402001016080,145 g,145.0,g
8402001012198,45 g,45.0,g
8402001011740,24 g,24.0,g
8402001014369,1 litro,1000.0,ml
8480000849939,,,
8402001013102,"",,
8424465903799,240g,240.0,g
8480000622280,600g,600.0,g
8480000231468,350g,350.0,g
8402001002618,"",,
8436569263198,200g,200.0,g
8480000055934,280g - 155g,280.0,g
8480000624031,,,
8402001013553,80 g,80.0,g
8402001022159,100 g,100.0,g
8402001015687,,,
8436021418654,8 x 35 g,280.0,g
8480000238450,,,
8480000221896,4 x 130 g,520.0,g
8480000600899,,,
8402001024931,200ml,200.0,ml
8402001021442,,,
8480000064592,,,
8402001015403,,,
8480000301383,100 g,100.0,g
8480000096272,700 gr,700.0,g
8402001017902,"",,
8402001022562,"",,
8480000678027,,,
8402001022364,"",,
8402001026270,,,
8480000603487,"",,
8480000055477,"",,
8402001016547,4 x 130 g,520.0,g
8402001013546,,,
8402001015731,51 g.,51.0,g
8436565363229,,,
8402001027185,,,
8480000694485,2kg,2000.0,g
8402001026263,,,
8402001025341,,,
5010106113127,0.70l,700.0,ml
8410261151625,"1,5 l",1500.0,ml
8410261152417,"1,5 l",1500.0,ml
8410261206189,250 ml (3 X 250ml),750.0,ml
8410261626802,2 l,2000.0,ml
8410261640228,200 ml,200.0,ml
8410261641416,6,0.0,
8410261773278,"",,
8410261773346,"",,
8410283008006,"1,5 l",1500.0,ml
8410283348058,"2 X 1,5 litros",3000.0,ml
8410297111150,"1,5 l",1500.0,ml
8410300100010,24,0.0,
8410300101598,72 g,72.0,g
8410300349006,1 l,1000.0,ml
8410300349051,1 L,1000.0,ml
8410331000020,120 g,120.0,g
8410422005026,180 ml,180.0,ml
8410448000937,340 g,340.0,g
8410486078042,"",,
8410486081011,150g,150.0,g
8410500001360,960 g,960.0,g
8410261271101,1 l,1000.0,ml
8480000063410,500g,500.0,g
8480000399809,"",,
8480000290076,1kg  (16/09/22),1000.0,g
8711571056861,"",,
8425514214583,200g,200.0,g
8410320014212,Taquitos de insecto cochinilla E-120,0.0,
8480000399663,330 ml,330.0,ml
8480000636454,420 g,420.0,g
8480000650887,150g,150.0,g
8480000200419,500 g (4x125g),500.0,g
8480000173829,250ml,250.0,ml
8480000511980,300 g,300.0,g
8480000145819,180 g,180.0,g
8425514135154,625g,625.0,g
8716062000606,200 g,200.0,g
8436047157124,400 g,400.0,g
8480000150776,440 g,440.0,g
8480000832313,"",,
8410500017545,1000 g (100 g x 10),1000.0,g
8480000095329,375 g,375.0,g
8480000644008,"1000 ml, 550 g",1000.0,ml
8410162011127,1 L,1000.0,ml
8480000213105,8 x 125 g,1000.0,g
8480000242495,"",,
8480000184023,140 g,140.0,g
8480000827876,"",,
8480000290441,330ml,330.0,ml
8480000635518,400 g,400.0,g
8411700811117,,,
8480000631633,500 g,500.0,g
8480000635297,430 g,430.0,g
8480000512086,200 g,200.0,g
8480000146373,200 g,200.0,g
8480000348173,315 g,315.0,g
5449000144607,"2,64 l",2640.0,ml
8410744002161,750 ml,750.0,
8411713212185,"",,
8410297113666,"",,
8411700810011,6 l,6000.0,ml
8480000290335,"",,
8480000590718,"",,
8480000772411,,,
8480000290397,"",,
8480000809391,300g (2x150g),300.0,g
8480000293732,500 g,500.0,g
8437006003544,"",,
5000281015286,,,
8410505320145,200 g,200.0,g
8480000209085,480 g (4 x 120 g),480.0,g
8480000645234,"",,
8480000341020,75.0 g,75.0,g
8410014477750,360g,360.0,g
8410014477743,360 g,360.0,g
8480000651648,45 g,45.0,g
8436021415882,1 kg,1000.0,
8480000213273,500 g,500.0,g
8480000534460,"",,
8435324003727,2 x 120 g,240.0,g
8480000138897,80g,80.0,g
8480000707314,,,
8410086000856,neto 660g -  escurrido 400g,660.0,g
8480000134455,300g,300.0,g
8480000155276,100 g,100.0,g
8480000156617,"1 kg, 964 ml",1000.0,g
8480000156112,400 g,400.0,g
8480000160461,95 g,95.0,g
8480000156600,1Kg,1000.0,g
8410184040723,250g,250.0,g
8007253900660,700 ml,700.0,ml
8480000156488,1L,1000.0,ml
8480000221919,520g,520.0,g
8480000221636,200 g,200.0,g
8480000137784,,,
8480000134134,480 g,480.0,g
8480000221940,520g,520.0,g
8480000521774,240 g,240.0,g
8480000222169,200 g,200.0,g
8480000229748,215g,215.0,g
8480000591302,4 x 45 g,180.0,g
8480000222336,20 ml,20.0,ml
8480000231277,15 a 18 unidades. Peso 500 gr,500.0,g
8480000227195,100 g,100.0,g
8480000234575,190g,190.0,g
8480000653024,90 g,90.0,g
8480000233738,370 g,370.0,g
8480000233745,,,
8480000236463,1 kg,1000.0,g
8480000877314,240 g,240.0,g
8480000236210,200 g,200.0,g
8480000055347,,,
8414100362227,6x20 cl.,1200.0,ml
8480000682611,,,
8480000862365,,,
8480000606983,"",,
8480000867094,16,0.0,
8480000163172,"",,
8480000868473,300 g,300.0,g
8480000866912,"",,
8480000868411,,,
8480000603845,300 g,300.0,g
8402001011276,160 g,160.0,g
8402001013928,1l,1000.0,ml
8402001013492,6 x 25 g,150.0,g
8402001013201,"",,
8402001014352,6 x 1 l,6000.0,ml
8480000221773,"",,
8436021418593,540 g,540.0,g
8480000851918,500 g,500.0,g
8480000248046,,,
8402001011849,"",,
8480000746061,,,
8480000694331,400 g,400.0,g
8402001020568,"",,
8480000231451,"",,
8402001025235,"",,
8402001013430,"",,
8402001028885,,,
8402001019623,"",,
8436021413505,750,0.0,
8402001018756,75g,75.0,g
8480000168597,"",,
8027864000542,,,
8402001009747,6,0.0,
8480000220097,,,
8480000432049,"",,
8006540618882,,,
8480000449139,500 ml,500.0,ml
8480000794079,150 unds.  (16/09/22),,
8480000449153,500 ml,500.0,ml
8480000422866,,,
8402001017957,"",,
8480000732583,,,
8480000442758,,,
8437014462944,,,
8480000402639,,,
8480000733498,,,
8480000468420,,,
8402001026447,,,
8410490001043,0.75l,750.0,ml
8480000860897,"",,
8402001015106,,,
3073780810661,140 g,140.0,g
5010029000160,430 g,430.0,g
80177173,350 g,350.0,g
8428909030089,100 g,100.0,g
8434165483965,570 g,570.0,g
8710445020878,250 g,250.0,g
8710482532303,240 g,240.0,g
8710557018008,500g,500.0,
8710557022777,"",,
8480000260307,neto 570g - escurrido 400g,570.0,g
8480000181077,120g,120.0,g
8413041318010,33 cl,330.0,ml
8480000200303,500 g (4x125g),500.0,g
3070050570201,200g,200.0,g
8410537200422,750 ml,750.0,ml
8005180060204,250 g,250.0,g
8480000291806,"",,
8480000331144,1pcs,0.0,
8480000094919,1000 g,1000.0,g
8480000141316,"",,
8411700010121,"",,
8480000186201,111 g (69 g escurrido),111.0,g
8410783326754,200 g,200.0,g
8480000667717,33 cl,330.0,ml
8480000635822,415 g,415.0,g
8480000621030,500 g,500.0,g
8480000117144,250 g,250.0,g
8480000200013,16 x 125 g,2000.0,g
8480000642004,6 x 145 ml,870.0,ml
8480000331786,350 g,350.0,g
8480000664860,33 cl,330.0,ml
4008287050530,"",,
8480000121714,200g,200.0,g
8480000087225,"",,
8480000613714,180 g,180.0,g
8480000172297,200g,200.0,g
8480000107947,"",,
7613032403720,800 g,800.0,g
8423102210108,"",,
8480000173621,250 ml,250.0,ml
7613036562874,128 g,128.0,g
8480000220011,800 g (8 x 100),800.0,g
8480000174093,180g,180.0,g
8480000172280,200 g,200.0,g
8480000635808,410 g,410.0,g
8410590111017,330ml,330.0,ml
8480000142139,425 g,425.0,g
8480000108128,"",,
8480000801777,835g,835.0,g
8480000663320,750 ml,750.0,ml
8480000322272,100g,100.0,g
8480000062796,1kg,1000.0,g
8480000173485,250 ml,250.0,ml
8480000635815,415 g,415.0,g
8480000242303,"",,
4008287917925,"",,
8480000185648,"",,
8480000623966,275 g,275.0,g
8480000242747,360g,360.0,g
8480000516275,"1, 180g",180.0,g
8437008459523,3 l,3000.0,ml
8480000512239,300g,300.0,g
8411135483279,"",,
8437010727016,360 g,360.0,g
8480000242426,"",,
8411767164096,750 ml,750.0,ml
8480000114310,24 g,24.0,g
5410076752409,"",,
8480000109224,1 l,1000.0,ml
8480000114686,40g,40.0,g
8480000786944,150ml,150.0,
8480000125408,200 g,200.0,g
8480000289216,750 ml,750.0,
8480000163134,"",,
8480000108142,,,
5060608740116,2 l,2000.0,ml
8480000827326,"",,
8480000884640,"",,
8437006684378,,,
8480000560339,150 g,150.0,g
8480000827357,300 g,300.0,g
8480000505460,12 lonchas,0.0,
8480000651358,45 g,45.0,g
8480000163141,neto 660g / escurrido 425g,660.0,g
8480000103536,110 g,110.0,g
8480000294104,"1,5 l",1500.0,ml
8480000213778,125 gr,125.0,g
8480000808950,600 g,600.0,g
8413041318034,"",,
8480000111722,250 g,250.0,g
8480000213297,125 g,125.0,g
8480000213129,"",,
8480000134417,250 g,250.0,g
8480000213310,4x125g,500.0,g
8480000138491,"",,
8480000134509,100g,100.0,g
8480000285751,,,
8436021417121,2 x 120 g,240.0,
8480000156334,150 g,150.0,g
5449000226785,,,
8480000226518,750 g,750.0,g
8480000229670,6 x 20 cl,1200.0,ml
8480000137906,340 g,340.0,g
8480000108388,,,
8480000157263,40 g,40.0,g
8480000231376,420g,420.0,g
8480000229663,500 g,500.0,g
8480000230645,"",,
8480000228499,450 g,450.0,g
8480000231222,330g (265g escurridos),330.0,g
8480000229960,430 g,430.0,g
8480000827319,350 g,350.0,g
8480000676337,4 x 100 g,400.0,g
8480000232793,,,
8480000125194,480 g,480.0,g
8480000237088,,,
8411396001137,,,
8480000849977,,,
84151087,,,
8480000232076,,,
8480000676948,50 g,50.0,g
8480000608697,"",,
8480000244864,,,
8436566135641,"",,
8480000136817,1L,1000.0,ml
8480000861672,"",,
8480000707567,110 g,110.0,g
8410783409365,250 g,250.0,g
8480000679505,"",,
8480000867506,"470g, 14 rebanadas",470.0,
8480000602442,"",,
8480000868350,,,
8480000603081,500 ml,500.0,ml
8480000804785,,,
8480000867865,200 g,200.0,g
8421610128670,500 g,500.0,
8445290780140,"",,
8480000226068,400,0.0,
8480000524096,"250 g (4x62,5g)",250.0,g
8480000805171,150 g,150.0,g
8402001010590,400 g,400.0,g
8402001011788,330 g,330.0,g
8402001013522,280g,280.0,g
8402001010255,565 g,565.0,g
5449000233011,9 x 330 ml,2970.0,ml
8480000305015,"",,
8480000057105,200g,200.0,g
8480000133724,130g,130.0,g
8402001019869,250 g,250.0,g
8480000055460,1.5 l,1500.0,ml
8402001017926,"",,
8402001010668,"",,
8480000054814,,,
8480000698490,210 g,210.0,g
8402001019777,"",,
8437002390174,,,
8480000181145,90 g,90.0,g
8402001017223,750 g,750.0,g
8402001019241,500 ml,500.0,ml
8402001017735,"",,
8436569262962,"",,
8480000055941,150 g,150.0,g
8402001013607,"",,
8480000119728,"",,
8413041318072,"",,
8480000060631,,,
8436569263242,,,
8410973583363,,,
8850567010033,"",,
8480000630407,,,
8402001022333,,,
8402001007958,"",,
5054563098795,,,
8480000424419,"",,
8410655006173,6 x 250ml,1500.0,ml
8480000493194,"",,
8480000796318,"",,
8480000229311,20 Unidades,0.0,
8480000443267,"",,
8480000501707,50ml,50.0,ml
8480000469540,"",,
8480000468123,"",,
8480000471062,600 ml,600.0,ml
8480000226310,"",,
8480000745385,"",,
8480000469786,"",,
8480000469496,150,,
8001841811802,,,
3600542523011,,,
8480000439062,"",,
8480000231840,"",,
8480000230171,,,
8480000407528,"",,
8480000469670,250g,250.0,g
8402001014437,,,
8480000468253,"",,
8480000465696,"",,
8700216266451,,,
8410436463034,600 ml,600.0,ml
8402001012259,"",,
8480000168580,,,
8402001009150,,,
8480000795250,"",,
8480000478184,"",,
8718951463714,50 ml,50.0,
3574661647579,,,
42397304,50ml,50.0,ml
8480000236746,"",,
8480000468703,"",,
8480000501981,,,
8480000495440,"",,
8480000468505,"",,
8402001030697,,,
8402001027369,"1,5L",1500.0,ml
8402001025334,,,
4008100151611,"680 g (neto), 650 g (escurrido)",680.0,g
7792710000090,500 gramos,500.0,g
8005180060235,250 g,250.0,g
8412450580612,250 g,250.0,g
8412450580698,250 g,250.0,g
8412500927992,,,
8412598034213,330 ml,330.0,ml
8413100611175,11 gramos,11.0,g
8413100611182,216g,216.0,g
8413556010324,200 g,200.0,g
8414100302643,"",,
8414100304753,330 ml,330.0,ml
8414100314646,1 L,1000.0,ml
8414100317357,33 cl,330.0,ml
8414100357605,33 cl,330.0,ml
8414389019386,90 g,90.0,g
8718444727897,450 g,450.0,g
8718781824402,150 g,150.0,g
8480000511119,125 g,125.0,g
8480000612830,1000 g,1000.0,g
8480000347022,20 g (5 x 4 g),20.0,g
8480000260284,295 g,295.0,g
8480000693839,125 g,125.0,g
8714535110081,400 g,400.0,g
8480000142160,350 g,350.0,g
8711000501214,184 g,184.0,g
8411700412314,"",,
8480000181169,111 g,111.0,g
8480000290366,"",,
8480000284969,900 g,900.0,g
8480000167378,neto 535g escurrido 320g,535.0,g
8480000290328,330 ml,330.0,ml
8428922010228,1.5 l,1500.0,
8480000107831,200 ml,200.0,ml
8480000331366,690 g,690.0,g
8480000205360,LLEVA E-120 COCHINILLA (INSECTOS),0.0,
8480000651587,150 g,150.0,g
8480000820075,160 g,160.0,g
8480000164155,185g,185.0,g
8480000063021,500 g,500.0,g
5411188128649,0.4 kg,400.0,g
8480000220028,"1, 100g",100.0,g
8480000204998,2 x 150 g,300.0,g
8480000173867,250ml,250.0,ml
8421699224461,25g,25.0,g
8480000582300,"",,
8411786101034,250 g,250.0,g
8480000290748,2 l,2000.0,ml
8480000593436,150 g,150.0,g
8411277063049,75 cl,750.0,ml
8480000125279,125 g,125.0,g
8480000141972,645 g,645.0,g
8480000593320,"",,
8423102210207,142g,142.0,g
8480000288981,700 ml,700.0,ml
8480000332059,430g,430.0,g
8480000290311,6 x 330ml,1980.0,ml
8480000114273,30 g,30.0,g
8480000114303,26 g,26.0,g
8480000142351,205 g,205.0,g
8480000114082,30 g,30.0,g
8480000443014,,,
8480000114150,30 g,30.0,g
8480000213365,"",,
8410297110757,,,
8480000124210,50g,50.0,g
8480000213198,4 x 125 g,500.0,g
8480000041937,450 ml,450.0,
8411370131003,"",,
8480000146458,"",,
8480000198594,500 g,500.0,g
8713734033825,300 g,300.0,g
8480000476203,10 paquetes,,
8480000796585,"",,
8480000641465,8 x 100 ml,800.0,ml
8480000696908,20 g,20.0,g
8480000876928,"",,
8480000341600,200g,200.0,g
8480000651655,100 g,100.0,g
8480000790637,17.85 g (30 x 0.6 g),18.0,g
8480000168610,150 g,150.0,g
8414716502321,,,
8480000290816,,,
8480000168122,3 x 80 g,240.0,g
8420887011005,6 l,6000.0,ml
8480000807946,"",,
8480000078674,240 g,240.0,g
8480000134448,250g,250.0,g
8480000155924,"12 pastillas, peso 120g",120.0,g
8480000136565,300 g,300.0,g
8480000156648,250 ml,250.0,ml
8480000136527,40 g,40.0,g
8480000135940,1 kg,1000.0,g
8480000158444,250 g,250.0,g
8480000221742,250 g,250.0,g
8480000224538,65g,65.0,g
8480000591586,El pavo este lleva insectos E-120,0.0,
8480000230720,460 ml,460.0,ml
8436536839272,340g,340.0,g
8480000226884,"",,
8411767281038,750 ml,750.0,ml
8480000232878,750 ml,750.0,ml
8421610060437,2 x 280 g,560.0,g
8414100339007,6x20 cl.,1200.0,ml
8480000677174,50g,50.0,g
8437009444078,,,
8480000676320,,,
8413481510173,,,
8480000676351,400g (4 x 100g),400.0,g
8480000865885,"",,
8480000679727,200 g,200.0,g
8480000868404,400 g,400.0,g
8410199024923,,,
8480000866936,neto 290g - escurrido 175g,290.0,g
8480000706362,"",,
8402001008535,420g,420.0,g
8480000802934,15g,15.0,g
8402001010262,500g,500.0,g
8438001279125,,,
8402001010187,140g,140.0,g
8402001008894,,,
8402001010279,280 g,280.0,g
8402001010705,300 g,300.0,g
8402001013218,340 g,340.0,g
8402001008757,600 g,600.0,g
8480000866882,neto 340g - escurrido 275g,340.0,g
8402001011900,150 g,150.0,g
8480000603456,"",,
8402001013904,"",,
8402001013829,125 g,125.0,g
8436569262955,6 x 90 g,540.0,g
8480000909336,250 g,250.0,g
8480000866929,neto 390 g,390.0,g
8480000861467,150 g,150.0,g
8414071093021,400 g,400.0,g
8480000480057,,,
8402001017162,2 x 115 g,230.0,g
8402001013706,"",,
8436530670109,200 g,200.0,g
8402001018978,500 ml,500.0,ml
8410655009006,25 cl,250.0,ml
8480000058157,350 g,350.0,g
8402001009228,150 ml,150.0,ml
8402001022999,"",,
8402001022395,350 g,350.0,g
8720182865007,3 x 200 ml,600.0,ml
8480000469533,,,
3600531324513,,,
8402001021589,"",,
8480000600912,"",,
8402001024245,,,
8402001024887,1litro,1000.0,ml
8402001025129,,,
8402001021473,"",,
8402001014444,"",,
8717163998984,"",,
8402001024146,"",,
80466468,50 ml,50.0,ml
4005808801053,250 ml,250.0,ml
5449000330116,"",,
8480000794277,80und,0.0,
8480000467713,,,
8480000443373,"",,
8402001006029,"",,
8480000467249,"",,
8480000468338,"",,
8480000467669,"",,
59095842,50 ml,50.0,ml
8480000468772,"",,
8480000443359,400 ml,400.0,ml
8480000678904,"",,
8402001007965,,,
8718951463554,50,,
8480000608420,250ml,250.0,ml
8480000777492,"",,
8480000465672,"",,
8480000234308,"",,
8480000442185,"",,
8402001006050,,,
8480000469663,,,
8402001005589,,,
8718951463899,"",,
8480000678003,,,
8480000359971,"",,
8480000443380,"",,
8402001021848,"",,
8402001014147,,,
8436024790016,200 ml,200.0,
8480000468352,300ml,300.0,
8480000764805,30 ml,30.0,ml
8480000469977,75 ml,75.0,ml
8720181466458,720 ml,720.0,ml
8480000772480,"",,
8480000502568,"",,
8480000521460,"",,
8480000792174,"",,
8480000678010,,,
3574661648019,500 ml,500.0,
8710447185186,75 ml,75.0,
8480000764652,"",,
8410751030942,100 ml,100.0,
8480000469991,"",,
8480000449122,500 ml,500.0,ml
8480000468154,200 ml,200.0,ml
8480000677969,"",,
8008970056234,,,
8480000773227,250 ml,250.0,
8480000468314,"",,
8480000860781,400 ml,400.0,
8480000449078,500 ml,500.0,ml
8480000867858,"",,
8480000157423,"1,5",,
8480000443304,"",,
8480000468611,"",,
8480000677945,"",,
8480000503756,,,
8718951463387,,,
8402001010613,"",,
8480000442963,,,
8480000796035,"",,
5760466815635,200 g,200.0,g
7461323129237,700ml,700.0,ml
7622210660176,140g,140.0,g
8410500006105,480g,480.0,g
8410500006150,500 g (125 g x 4),500.0,g
8410500008871,1000 g (8 x 125 g),1000.0,g
8410500010485,"1133 mL (94,4 mL x 12)",1133.0,ml
8410500010614,480 g (120 g x 4),480.0,g
8410500010621,500 g e(4 x 125 g),500.0,g
8410500012861,1188 ml (12 x 99 ml),1188.0,ml
8410500014421,960 g (120 g x8) e,960.0,g
8410500015787,300 g (50g x 6),300.0,g
8410500015794,300 g (50 g x 6),300.0,g
8410569020012,3 l,3000.0,ml
8410591002413,750ml,750.0,ml
8410619020009,"1,5 l",1500.0,ml
8410637115671,180 g (6 x 30 g),180.0,g
8410637116036,150g,150.0,g
8410655000010,33 cl.,330.0,ml
8410721055135,111grs,111.0,g
8410728180120,"1,5 l",1500.0,ml
8410749001107,12,0.0,
8410783320813,200 g,200.0,g
8410783333417,120 g,120.0,g
8410789140118,400 g,400.0,
8410793036131,33 cl.,330.0,ml
8714100816622,160 g,160.0,g
8480000822192,750 g,750.0,g
8416400906132,128 g,128.0,g
8480000061539,250 g,250.0,g
8480000171474,40 g,40.0,g
8437013139748,250,0.0,
8710912054368,400 g,400.0,g
8480000800152,"",,
8480000808585,240 g,240.0,g
8480000631145,"",,
8410971604404,980g,980.0,g
8410500017552,1000 g (100 g x 10),1000.0,g
8480000551252,"",,
8480000511911,250 g,250.0,g
8480000050427,1 kg,1000.0,g
8480000141361,"",,
8410973077008,460 g,460.0,g
8480000664334,330 ml,330.0,ml
8711000502518,184 g,184.0,g
8410532065767,"",,
8480000636485,420 g,420.0,g
8480000664662,1 l,1000.0,ml
8480000290724,2 l,2000.0,ml
8436569260074,90 g + 20 g,90.0,g
8480000184368,"",,
8480000154484,500 g,500.0,g
8480000590862,240 g ( 4 x 60 g),240.0,g
8480000185792,185 g,185.0,g
8480000165039,2 x 155 g,310.0,g
8480000063717,500 g,500.0,g
8480000334367,100 g (16/09/22),100.0,g
8480000152060,600 g,600.0,g
8480000181022,"",,
8410702000215,750 ml,750.0,ml
8437009466476,500 ml,500.0,ml
8480000590855,4 x 60 g,240.0,g
8005709104075,500 g,500.0,g
8480000694744,135 g,135.0,g
8480000290731,2 l,2000.0,ml
8480000592187,500g,500.0,g
8480000200402,500 g (4x125g),500.0,g
8437008459059,500 ml,500.0,ml
8480000291653,1 kg,1000.0,g
4040600088912,200 g,200.0,g
8480000290199,1 kg,1000.0,g
8480000293404,250g,250.0,g
8480000095718,400 g,400.0,g
8480000520999,"",,
8480000610652,"",,
8480000636539,430 g,430.0,g
8480000636348,430 g,430.0,g
8480000107329,"",,
8480000052506,"",,
8480000341839,60g,60.0,g
8480000142030,"",,
8480000042705,500 g,500.0,g
8480000063670,500 g,500.0,g
8480000146410,"",,
8480000124906,100g,100.0,g
8480000285065,700ml,700.0,ml
8480000047977,275 g,275.0,g
8435065600209,750 ml,750.0,ml
8480000642202,"",,
8480000289391,750 ml,750.0,
8480000827869,100 g,100.0,g
8411767020828,750 ml,750.0,ml
8480000091871,6 l,6000.0,ml
8410702049603,750 ml,750.0,ml
8480000151377,240 g,240.0,g
8480000109330,1 l,1000.0,ml
8410275002005,750 ml,750.0,ml
8480000284754,700ml,700.0,ml
8480000108456,,,
8480000142108,348g (8x48g),384.0,g
8437005825093,100 g,100.0,
8480000468581,"",,
8480000347213,12g,12.0,g
8411700912418,,,
8480000837899,540 g,540.0,g
8480000835949,,,
8480000279729,3l,3000.0,ml
8411767000332,750 ml,750.0,ml
8480000048837,"",,
8480000286895,330 ml,330.0,ml
8480000060204,"1,5L",1500.0,ml
8480000211934,125 g,125.0,g
8480000290410,6 x 33 cl,1980.0,ml
8480000124715,216g,216.0,g
8423729601181,,,
8480000707116,567 g,567.0,g
8480000137388,200 g,200.0,g
8480000138774,200 g,200.0,g
8480000158109,150 g,150.0,g
8437002390037,,,
8402001000607,110 g,110.0,g
8480000136510,,,
8480000184009,,,
8480000223975,80 g,80.0,g
8480000223883,270g / 6 uds,270.0,g
8480000720566,"",,
8480000228017,128 g,128.0,g
8480000694843,,,
8480000221780,120g,120.0,
8480000829320,375g,375.0,g
8480000226495,390 g,390.0,g
8480000225689,75g,75.0,g
8480000159236,250 g,250.0,g
8436021417404,370 g,370.0,g
8410013261015,750 ml,750.0,
8480000232809,"",,
8480000136442,"",,
8480000224521,8 x 44g,352.0,g
8480000055323,,,
8480000230522,1L,1000.0,ml
8480000235756,200 g,200.0,g
8480000238191,,,
8480000234063,250 g,250.0,g
8480000679772,125 g,125.0,g
8480000608734,74 g,74.0,g
8480000678188,"1,5 litros",1500.0,ml
8480000229861,"",,
8420822130389,"",,
8480000862327,"",,
8480000238436,300g,300.0,g
8480000677365,300 g,300.0,g
8402001001475,250 g,250.0,g
8480000600158,200g,200.0,
8480000860392,1l,1000.0,ml
8480000868091,200g,200.0,g
8480000155900,150g,150.0,g
8480000805157,400g,400.0,g
8480000679673,300 g,300.0,g
3383670010096,"",,
8445290779991,"",,
8480000733955,,,
8480000603296,200 g,200.0,g
8480000430885,"",,
8436569262924,240 g (2 x 120 g),240.0,g
5059319023410,,,
8480000861450,150g,150.0,g
8480000707277,75 cl,750.0,
8402001013157,750 ml,750.0,ml
8402001014680,240 ml,240.0,ml
8480000849823,310 g,310.0,g
8402001023088,"",,
8445291292024,350 g,350.0,g
8402001019906,"",,
8402001020933,"",,
8480000468444,"",,
8402001016851,,,
8402001022838,,,
8480000049292,200,0.0,
8480000231741,"",,
8402001026676,,,
8402001026324,80 g,80.0,g
8402001024177,,,
8411396001557,4 x 90 g,360.0,g
8402001020834,330 ml,330.0,ml
3700123300014,"1,5 l",1500.0,ml
3700123300021,6x1.5 l,9000.0,ml
5060166690380,500 ml,500.0,ml
5410126116236,186 g,186.0,g
7613032377625,800g,800.0,g
7622201024277,150 g,150.0,g
7622210103505,270 g,270.0,g
7622210103963,270 g,270.0,g
8002190020204,400 g,400.0,g
8002230000302,0.7l,700.0,ml
8002270002045,1 l,1000.0,ml
8002270044892,1 L,1000.0,ml
8020950004011,80g,80.0,g
8436039786349,2 x 120g,240.0,g
8436547770137,500 g,500.0,g
87120158,33cl,330.0,ml
8722700136224,430 ml,430.0,ml
8480000348043,250g,250.0,g
8480000050021,1 kg,1000.0,g
8480000209917,250 gr,250.0,g
8411700012217,1 l,1000.0,ml
8480000631404,510g,510.0,g
5900685007910,700 ml,700.0,ml
8480000123626,60g,60.0,g
8480000167149,225 g,225.0,g
8431594003245,540 ml,540.0,ml
8480000341211,56g,56.0,g
8480000051240,1 kg,1000.0,g
8480000644244,"",,
8480000117700,224 g,224.0,g
8480000144232,600 g,600.0,g
8480000173607,250ml,250.0,ml
8436012510374,Colorante E-120 insectos,0.0,
8410261802008,750 ml,750.0,ml
8480000640017,12 x 41 g,492.0,g
8437013139083,330 g,330.0,g
8480000147110,500 g,500.0,g
8480000640277,6 x 200 ml,1200.0,
8480000512123,200 g,200.0,g
8437013139014,"",,
8480000635976,570 g (2 x 285 g),570.0,g
8480000650641,320 g,320.0,g
8480000101983,240 g,240.0,g
8480000503862,250 g,250.0,g
8410175056597,"",,
8410415510629,75 dl,7500.0,
8480000062680,1 kg,1000.0,g
8480000612526,450 g,450.0,g
8480000398963,1.5 l,1500.0,ml
8480000612489,450 g,450.0,g
8480000349972,200 g,200.0,g
8480000521002,100 g,100.0,g
8005709104952,500 g,500.0,g
8480000239259,6 x 1 l,6000.0,ml
8411700012415,1 l,1000.0,ml
8411939182750,"",,
8480000108265,"",,
8480000593344,"",,
8480000650559,150 g,150.0,g
8480000669223,1.5 l,1500.0,ml
8480000052193,1 kg,1000.0,g
8480000047984,"",,
8411767281045,750 ml,750.0,ml
8410175056542,"",,
8480000242914,"",,
8480000186225,111 g,111.0,g
8480000807816,250 g,250.0,g
8480000117113,250 g,250.0,g
8480000125446,250 g,250.0,g
8480000636577,280g,280.0,g
8410297110740,,,
8480000241818,"",,
8425827051011,"",,
8480000631442,300 g,300.0,g
8423102210115,"",,
8480000828392,100 g,100.0,g
8480000114471,30 g,30.0,g
8480000211996,500 g (4 x 125 g),500.0,g
8410843011866,"",,
8480000621450,,,
8480000288486,700ml,700.0,ml
8480000789754,"",,
8437020085076,,,
8410297113680,"",,
8480000875990,880 g,880.0,g
8436041340850,,,
8480000812001,550 g,550.0,
8410297912412,"",,
5060517883836,2 l,2000.0,ml
8480000725370,"",,
8480000593641,"",,
8480000107305,,,
8410014478733,383 g,383.0,g
8480000512369,150 g,150.0,g
8480000103529,104 g,104.0,g
5449000096197,12 x 330ml,3960.0,ml
8480000213303,"",,
8480000213075,125g,125.0,g
8480000651389,90 g,90.0,g
8437006003551,"",,
8480000208590,150 g,150.0,g
8480000103512,"106 g (20x 5,3g)",106.0,g
8480000336248,200 g,200.0,g
8480000111685,27 g,27.0,g
8480000213112,500 g,500.0,g
8480000662118,,,
8480000213587,1 kg,1000.0,g
8480000168276,300 g,300.0,g
8480000827579,"",,
8480000160225,410 g,410.0,g
8480000160447,400g escurridos,400.0,g
8480000160430,800 g,800.0,g
8480000136343,112 g,112.0,g
8480000133908,100g,100.0,g
8480000134967,350 g,350.0,g
8480000135926,250 g,250.0,g
8480000136107,700 ml,700.0,ml
8480000108180,,,
8480000232250,350 g,350.0,g
8480000138613,"",,
8480000233721,"",,
7630040405249,"",,
8480000839954,800gr,800.0,g
8480000829009,250g,250.0,g
8437008459110,,,
8480000609632,200 g,200.0,g
8480000241023,,,
8480000136824,1 l,1000.0,ml
8480000679383,,,
8480000238160,12x20ml.,240.0,ml
8480000677662,"",,
8480000676931,65 g,65.0,g
8426188006061,,,
8480000676344,400 g,400.0,g
8480000727343,110g  (16/09/22),110.0,g
8480000236081,30 hojas 38x42cm  (16/09/22),0.0,
8480000238252,1 l,1000.0,ml
8410199024725,195g,195.0,g
8410014494825,"",,
8480000341570,,,
8480000679789,,,
8480000805317,360g,360.0,g
8402001007026,345 g,345.0,g
8480000403230,500 ml,500.0,ml
8402001007972,"",,
5059319026053,450g,450.0,g
8480000849984,"",,
8480000155894,"",,
8402001012310,350 g,350.0,g
5411188139126,400 g,400.0,g
8480000868084,"",,
8032804431911,"",,
8480000804693,1 kg,1000.0,g
8410066136360,1- 650gr,650.0,g
8402001009846,30 g 20 bolsitas,30.0,g
8402001015120,425 g,425.0,g
8402001015205,400 g,400.0,g
8433709132772,240g,240.0,g
8402001005558,"",,
8402001014291,"",,
8402001022470,,,
8445291391772,180 g,180.0,g
8480000086679,200g,200.0,g
8402001023606,"",,
8436009777797,,,
8402001022876,,,
8402001020582,150 ml,150.0,ml
8402001017148,"",,
8480000634320,,,
8480000501998,,,
8402001024511,"",,
8480000797049,"",,
8480000086716,"",,
8480000496195,3 unid,0.0,
8402001015540,300ml,300.0,ml
4005808729982,,,
8480000790699,,,
4008239268594,"",,
8480000156402,"",,
8480000490001,30Mts,0.0,
8480000468932,,,
3600531324520,"",,
8480000443175,"",,
8480000464347,"",,
8480000501240,"",,
8480000468734,"",,
8480000724052,,,
8480000467393,"",,
8480000464170,"",,
8480000158956,,,
8480000405524,,,
8480000424778,"",,
8720182608925,360 ml,360.0,
8480000520685,300 g,300.0,
8480000707628,,,
8428076006658,"",,
8480000467850,"",,
8480000468710,"",,
8480000402424,,,
8480000795311,200 g,200.0,
8411300657009,"",,
8480000466419,600 ml,600.0,ml
8402001024108,,,
8402001026348,,,
3228022000304,240 g,240.0,g
4020300185524,100 g,100.0,g
5411188125808,400 g,400.0,g
8032804430822,250 g,250.0,g
8437004621153,400g,400.0,g
8437004621771,400g,400.0,g
8437004621788,"",,
8437005512030,120 g,120.0,g
8437006994002,"",,
8437015121130,85 g,85.0,g
8480000033628,1 l,1000.0,ml
8480000033635,0.5L,500.0,ml
8480000040404,1 l,1000.0,ml
8480000040411,5l,5000.0,ml
8480000047069,750 ml,750.0,ml
8480000047182,200 ml,200.0,ml
8480000049032,280 ml,280.0,ml
8480000049056,300g,300.0,g
8480000049087,250 g,250.0,g
8480000049575,1 l,1000.0,ml
8480000050441,1 kg,1000.0,g
8480000052148,1 kg,1000.0,g
8480000053251,1 kg,1000.0,g
8480000053305,1 kg,1000.0,g
8480000053329,295 g,295.0,
8480000061423,250 g,250.0,g
8480000061430,250 g,250.0,g
8480000061454,250 g,250.0,g
8480000063007,500 g,500.0,g
8480000063052,500 g,500.0,g
8480000070210,1 l,1000.0,ml
8480000070326,1 l,1000.0,ml
8480000073051,120 g,120.0,g
8480000073136,1 l,1000.0,ml
8480000073259,1 litro,1000.0,ml
8480000093493,138 g,138.0,g
8480000093509,100g,100.0,g
8480000093554,500 g,500.0,g
8480000093561,500 g,500.0,g
8480000093578,500 g,500.0,g
8480000093776,500 g,500.0,g
8480000094308,500 g,500.0,g
8480000094742,400 g,400.0,g
8480000094872,375 g,375.0,g
8480000094889,500 g,500.0,g
8480000100054,1 l,1000.0,ml
8480000100504,200 ml,200.0,ml
8480000100511,200ml,200.0,ml
8480000100559,200 ml,200.0,ml
8480000101174,200 g,200.0,g
8480000101990,200,0.0,
8480000102751,200 ml,200.0,
8480000103208,200 g,200.0,g
9012200872739,300 g,300.0,g
8480000325259,8 g,8.0,g
8421610028642,220 g,220.0,g
8480000530325,4,0.0,
8480000391278,"",,
8480000661272,1L,1000.0,ml
8480000070357,1 l,1000.0,ml
8410109005707,470g,470.0,g
8480000634009,500gr,500.0,g
8410320127363,140 g,140.0,g
8410537050126,750 ml,750.0,ml
8413041328019,155 cl,1550.0,ml
8423352866407,6 x 1 l,6000.0,ml
8480000641021,8 x 41 g,328.0,g
8410109114157,180g,180.0,g
8480000566195,225 g,225.0,g
7622210972910,80g (5 X 16g),80.0,g
8410235310294,100 g.,100.0,g
8480000341389,60g,60.0,g
8480000208491,4 x 125 g,500.0,g
8480000807823,250 g,250.0,g
8480000832320,600,0.0,
5060639121915,500 ml,500.0,ml
8480000044884,700 g,700.0,g
8480000828422,250 g,250.0,g
8480000820983,"",,
8480000633408,"",,
8410175073792,220g,220.0,g
8432286003338,"",,
8480000114549,26g,26.0,g
8480000636430,540 g,540.0,g
8480000124951,200 g,200.0,
7613032405601,800g,800.0,g
8412598001819,"",,
8480000739889,"",,
8480000341723,70g,70.0,g
5449000187970,330 ml,330.0,
8412423110068,2 l,2000.0,ml
8480000117199,500 g,500.0,g
8426058172360,550 g,550.0,g
8480000593337,,,
8480000087300,90 g,90.0,g
8480000809421,360 g,360.0,g
8480000664853,33 cl,330.0,ml
8437020085052,"",,
8413041318003,12 x 33 cl,3960.0,ml
8480000505330,250 g,250.0,g
8480000282637,6 x 250 ml,1500.0,ml
8411135352155,"",,
8480000093981,6 l,6000.0,ml
8480000728784,"",,
8480000038401,500g,500.0,g
8480000103550,104 g,104.0,g
8480000213181,500 g,500.0,g
8480000208460,500 g,500.0,g
8480000168467,350g,350.0,g
8410494300777,330 ml,330.0,ml
8480000134998,500 ml,500.0,ml
8480000905055,2lt,0.0,
8421395357500,90 g,90.0,g
8480000134042,450 g,450.0,g
8480000136350,112 g,112.0,g
8413041328033,,,
8480000135971,,,
8412598005831,330ml,330.0,ml
8410184040730,250g,250.0,g
8480000157577,120 g,120.0,g
8480000041067,185 g,185.0,g
8480000136466,800g,800.0,g
8480000286901,330 ml,330.0,ml
8480000168191,750 ml,750.0,ml
8480000225498,400 g,400.0,g
8480000159229,500g,500.0,g
8480000226488,"",,
8480000228994,400 g,400.0,g
8480000237590,,,
8445290092830,2.7 kg,2700.0,g
8480000244123,,,
8480000677983,250g,250.0,g
8480000607201,,,
4067700028570,,,
8480000315045,"",,
8480000860330,"",,
8480000677532,340 g,340.0,g
8437017649922,100 g,100.0,
8480000492111,,,
8413481010178,,,
8480000861689,6 x 1 l,6000.0,ml
5060751213130,,,
8402001005688,450 gr,450.0,g
8480000867551,400 g,400.0,g
8480000224309,400 g,400.0,g
8480000865977,600 g,600.0,g
8480000675965,"",,
8480000724083,1,,
8402001008276,"",,
8402001015366,,,
8480000524119,250 g,250.0,g
8480000048684,,,
8402001009051,190 g,190.0,g
8402001012174,120 g,120.0,g
8402001011177,270 g,270.0,g
8436021981288,,,
8480000225030,"",,
8402001010248,,,
8402001015175,250 g,250.0,g
8480000048486,"",,
8402001011924,"",,
8402001014055,710,0.0,
8480000469656,"",,
8480000867988,110 g,110.0,g
8402001008498,,,
8480000401595,"",,
8411135006577,400 ml,400.0,ml
8480000064875,,,
8402001010170,"",,
8413462120001,,,
8402001020490,12 x 100 g,1200.0,g
8402001011504,,,
8436548785086,,,
8402001018572,"",,
8402001023064,,,
8005709104013,500 g,500.0,g
8425514007987,,,
8402001024900,"",,
8480000096258,,,
8480000632388,"",,
8480000603203,145 g,145.0,g
8402001022616,"",,
8436006184475,,,
8437003894473,120 g,120.0,g
8402001024092,,,
8480000235138,"",,
8402001024894,"",,
8402001020858,50 ml,50.0,ml
8402001014574,"",,
8436569260722,,,
8436565363281,,,
8480000713421,x3,0.0,
8480000452979,,,
8480000423146,"",,
8480000430250,"",,
8402001011986,,,
8402001015465,,,
8402001013133,,,
8480000433152,"",,
8480000507648,"",,
8480000521392,"",,
8413647037001,,,
8480000402448,,,
8402001005510,,,
8480000473899,"",,
8480000433015,"",,
8480000480095,2 und,0.0,
8402001025693,,,
8402001028847,,,
8402001017674,100 g,100.0,g
8480000137197,,,
8402001022821,,,
5449000000996,330 ml,330.0,ml
5449000004840,2l,2000.0,ml
5449000006004,330 ml,330.0,ml
5449000006011,2 L,2000.0,ml
5449000009067,2 l,2000.0,ml
5449000011527,330ml,330.0,ml
5449000028921,"1,25 l",1250.0,ml
5449000033819,330 ml,330.0,ml
5449000039231,330 ml,330.0,ml
5449000050205,330 ml,330.0,ml
5449000058560,330 ml,330.0,ml
5449000059390,2Ltr,0.0,
5449000120960,330ml,330.0,ml
5449000120984,2Ltr,0.0,
5449000120991,330 ml,330.0,ml
5449000131805,330 ml,330.0,ml
5449000131843,2L,2000.0,ml
5449000133342,12 x 330ml,3960.0,ml
5449000133724,"1,25 l",1250.0,ml
5449000133847,"1,5 l",1500.0,ml
5449000136336,2 x 2 l,4000.0,ml
5449000164957,"1,5 L",1500.0,ml
5449000169327,330 ml,330.0,ml
5449000171771,"1,5 l",1500.0,ml
5449000177551,2 l,2000.0,ml
5449000205520,330 ml,330.0,ml
5449000205568,2 l,2000.0,ml
8410100020549,200 g,200.0,g
8410100020556,100 g,100.0,g
8410100021546,200 g,200.0,g
8410100024202,250 g,250.0,g
8410100025179,1 kg,1000.0,g
8410100059839,360 g (6 x 60 g),360.0,g
8410109000023,300 g,300.0,g
8410109000078,250 g,250.0,g
8410109003208,150 g,150.0,g
8410109102246,141g,141.0,g
8410109113051,500 g (17.6 oz),500.0,g
8410127012626,192 g,192.0,g
8410127050819,450 ml,450.0,ml
8410128191375,"",,
8410128891169,330ml,330.0,ml
8410173001018,125 g,125.0,g
8410173072025,200 g,200.0,g
8410188012092,500 g,500.0,g
8410199790958,130 g,130.0,g
8410320249478,125 g,125.0,g
8480000341754,40g,40.0,g
8412450580339,,,
8480000681386,4 x 125 g,500.0,g
8435129718062,75g,75.0,g
3322680009706,192g,192.0,g
8480000180377,3 x 80 g,240.0,g
8411327002721,330ml,330.0,ml
8480000049407,1 l,1000.0,ml
8480000095367,400 g,400.0,g
8410091073913,250 g,250.0,g
8480000590770,"",,
8480000808622,240 g,240.0,g
8480000530301,400 g,400.0,g
8480000334398,159 g,159.0,g
8480000633224,500 g,500.0,g
8480000123640,60 g,60.0,g
8480000185532,111 g,111.0,g
8480000145765,210 g,210.0,g
8480000399878,250 ml,250.0,
8480000610539,450 g,450.0,g
8480000644367,350 g,350.0,g
8480000174109,140g,140.0,g
8480000636324,"",,
8480000290786,2 L,2000.0,ml
8480000667656,33 cl,330.0,ml
8480000093974,1l,1000.0,ml
8480000593351,"",,
8480000612311,1 kg,1000.0,g
8480000108067,"",,
8480000290045,44 g,44.0,g
8480000642141,"",,
5000112626469,500 ml,500.0,ml
8480000062826,500 g,500.0,g
5000112642896,500 ml,500.0,ml
8480000208767,500 g,500.0,
8480000104595,250 g,250.0,
8480000644596,1000 ml / 533 g,1000.0,ml
8480000512116,"",,
8480000286888,"1,5 l",1500.0,ml
8411203042445,750 ml,750.0,ml
8480000106995,1L,1000.0,ml
8435324003659,120 g,120.0,g
8480000591517,120 g,120.0,g
8480000590183,180 g,180.0,
8480000438188,"",,
8410297110733,"",,
8480000621719,,,
8414601138383,750 ml,750.0,ml
8480000173966,195 ml,195.0,ml
8480000341235,50g,50.0,g
8480000516305,300 g,300.0,g
8480000876096,800 g,800.0,g
8480000561862,250 g,250.0,g
8411700812213,"",,
8410728091136,9000 ml,9000.0,ml
8437014515053,"",,
8480000521712,"",,
8437018501120,,,
8410744008118,750 ml,750.0,ml
8480000341143,10 g,10.0,g
8480000095084,500 g,500.0,g
8437014515435,,,
8480000285089,700 ml,700.0,ml
8411767281144,750 ml,750.0,ml
8480000197504,1kg,1000.0,g
8421216046118,750 ml,750.0,ml
8480000667700,,,
5449000224187,4 x 500 ml,2000.0,ml
8413194091846,,,
8420887031508,9 l,9000.0,ml
8480000664815,500ml,500.0,ml
8480000651471,45 g,45.0,g
8480000335999,80 g,80.0,g
8410036800512,750 ml,750.0,
8437008459073,33cl,330.0,ml
8480000134226,940 g,940.0,g
8480000160416,800 g,800.0,g
8480000106667,250 ml,250.0,ml
8480000156624,250g,250.0,g
8480000138675,240 g (3x80g),240.0,g
8410297912429,"",,
8480000223968,80 g,80.0,g
8480000521781,3 x 80 g,240.0,g
8480000224552,65 g,65.0,g
8480000159663,285g,285.0,g
8480000227805,150 g,150.0,g
8480000227997,NO ME GUSTA ESTO POR QUÉ LLEVA INSECTOS E-120,0.0,
8480000227188,100 g,100.0,g
8480000221865,4 x 130 g,520.0,g
8480000847362,,,
8480000236432,450 g,450.0,
8480000230492,1 lito,0.0,
8480000055354,,,
8480000238214,,,
8480000684486,,,
8480000313102,,,
8411396001144,,,
8480000110770,1000 g,1000.0,g
8413041328040,,,
8480000677860,380 g,380.0,g
8480000682628,,,
8480000602510,330 gr,330.0,g
8480000602367,500g,500.0,g
8402001007293,,,
8480000865984,600,0.0,
8480000230591,200 g,200.0,g
8480000861900,250g,250.0,g
8402001006012,100g,100.0,g
8402001009402,500g,500.0,g
8402001009143,6 x 100 g,600.0,g
8480000238122,,,
8480000290625,200 g,200.0,g
8436009777780,500g,500.0,g
8445290780188,,,
8402001014062,1L,1000.0,ml
8402001013843,150 g,150.0,g
8402001010675,480 g,480.0,g
8480000625038,"",,
8402001008269,,,
8402001012655,400 g,400.0,g
8480000264961,"",,
8480000694232,,,
8402001019814,,,
8402001014659,"",,
8480000694652,"",,
8402001015908,2 x 80 g,160.0,g
8402001021428,6x100g,600.0,g
8480000056733,,,
8402001019616,280g,280.0,g
8402001010002,"",,
8402001022579,,,
8402001023392,,,
8480000236753,"",,
8437023785478,1pcs,0.0,
8402001015229,100 gramos,100.0,g
8402001008672,,,
8402001030840,350 g,350.0,g
8480000694638,,,
3600521708514,300 ml,300.0,
3600531369026,"",,
8480000464200,,,
8402001013096,,,
5900951300981,4X85 gramos =340 g,340.0,
8480000796790,"",,
8402001021008,,,
8480000234346,,,
8480000223500,,,
8402001006036,,,
3600524153458,,,
8480000520739,"",,
8480000225306,,,
8480000864710,,,
8480000442765,"",,
8480000229052,1000 ml,1000.0,ml
8402001013126,,,
8480000707352,,,
8480000159441,,,
8480000136077,400 g,400.0,g
8402001021909,,,
8480000285263,,,
5000157024671,"",,
8480000108463,1 l,1000.0,ml
8480000111234,80 g,80.0,g
8480000111876,150 g,150.0,g
8480000113078,12x3,0.0,
8480000113191,36 g,36.0,g
8480000120205,180g,180.0,g
8480000123473,250 g,250.0,g
8480000123480,250g,250.0,g
8480000124135,150 g,150.0,g
8480000140067,800 g,800.0,g
8480000140135,124 g (4 x 4 x 8 g aprox.),32.0,g
8480000140159,130 g,130.0,g
8480000140807,200 g,200.0,g
8480000140852,329 g,329.0,g
8480000141026,200 g,200.0,g
8480000141323,800 g,800.0,g
8480000141415,120 g,120.0,g
8480000141422,130 g,130.0,g
8480000141576,500 g,500.0,g
8480000141583,120 g,120.0,g
8480000141613,4 x 40 g,160.0,g
8480000145550,150 g,150.0,g
8480000145772,125 g,125.0,g
8480000145871,500 g,500.0,g
8480000149268,300 g,300.0,g
8480000150769,440 g,440.0,g
8480000150936,380 g,380.0,g
8480000150943,380 g,380.0,g
8480000154309,500 g,500.0,g
8480000154361,1 kg,1000.0,g
8480000160744,1pcs,0.0,
8480000161031,500 g,500.0,g
8480000161246,240g,240.0,g
8480000164162,390 g,390.0,g
8480000165619,"540 g (neto), 325 g (escurrido)",540.0,g
8480000166166,85g,85.0,g
8480000166180,"",,
8480000166258,"355 g (neto), 180 g (escurrido), 370 ml",355.0,g
8480000167125,450g,450.0,g
8480000167521,42 g,42.0,g
8480000167545,250 g,250.0,g
8480000171085,560g,560.0,g
8480000171122,380 g,380.0,g
8480000171283,630g,630.0,g
8480000171313,300 g,300.0,g
8480000171320,400 g,400.0,g
8480000171511,630 g,630.0,g
8480000171535,380 g,380.0,g
8480000171634,560g,560.0,g
8480000171726,200 ml,200.0,ml
8480000171733,160ml,160.0,ml
8480000172655,150ml - 140g,150.0,ml
8480000173270,310ml,310.0,ml
8480000173300,560 g,560.0,g
8480000173669,310 ml,310.0,ml
8480000180025,6 latas de 80 gramos,480.0,g
8480000180186,80g,80.0,g
8480000180308,900 g,900.0,g
8480000180544,100 g,100.0,g
8480000180551,480 g (360 g escurrido),480.0,g
8480000180711,"",,
8480000180865,900 g,900.0,g
8480000180926,3 x 80 g,240.0,g
8480000182098,90 g x 2,90.0,g
8480000182104,2 x 90,0.0,
8480000182111,180 g,180.0,g
8480000182258,117 g x 2,117.0,g
8480000183101,180 g,180.0,g
8480000183118,90 g,90.0,g
8480000183132,2 x 90g,180.0,g
8480000184078,29 g,29.0,g
8480000184085,120 g,120.0,g
8480000185624,345 g (205g escurridos) 16/09/22,345.0,g
8480000186157,2 x 175 g,350.0,g
8480000187130,3 x 80 g,240.0,g
8480000187147,80 g,80.0,g
8480000187291,80 g,80.0,g
8480000188175,80 g,80.0,g
8480000197139,250 g,250.0,g
8480000197269,750g,750.0,g
8480000197344,2 kg,2000.0,g
8480000198020,52 g,52.0,g
8480000198082,60 g,60.0,g
8480000198129,9 g,9.0,g
8480000198174,200 g,200.0,g
8480000198204,150 ml,150.0,ml
8480000198259,54 g (54 x 1g),54.0,g
8480000201607,4x100g,400.0,g
8480000201645,4 x 125 g,500.0,g
8480000202109,"6, 750 g",750.0,g
8480000203762,500 g,500.0,g
8480000203793,500 g,500.0,g
8480000205049,"A mi padre y a mi nos han jodido la vida, LLEVA E-120",0.0,
8480000205124,1 kg,1000.0,g
8480000205315,500 g (4x125g),500.0,g
8480000205599,750 g (6x125g),750.0,g
8480000205711,750 g,750.0,g
8480000205841,"",,
8480000205933,460g,460.0,g
8480000206121,LLEVA INSECTOS.,0.0,
8480000206138,1kg,1000.0,g
8480000206275,12 x 100 g,1200.0,g
8480000206299,"",,
8480000206572,6 x 96 ml,576.0,ml
8480000207166,250 g,250.0,g
8480000207227,"",,
8480000207272,250 g,250.0,g
8480000208309,750 g,750.0,g
8480000208521,150 g,150.0,g
8480000209962,480 g,480.0,g
8480000210739,480 g,480.0,g
8480000211514,4 x 120 g,480.0,g
8480000260192,570g,570.0,g
8480000260291,"Le meten el E-385 es altamente tóxico, en Australia está prohibido ojo.",0.0,
8480000260338,570 g,570.0,g
8480000260390,295g,295.0,g
8480000261014,420g,420.0,g
8480000261083,860 g,860.0,g
8480000261106,"420 g neto, 425 ml",420.0,g
8480000261144,"420 g (neto), 425 ml",420.0,g
8480000261168,420 g (neto),420.0,g
8480000261748,420 g,420.0,g
8480000278326,"1,5 l",1500.0,ml
8480000278425,Cuatro,0.0,
8480000279712,500 ml,500.0,ml
8480000279736,"1,5 l",1500.0,ml
8480000279804,330 ml,330.0,ml
8480000280770,2 l,2000.0,ml
8480000281876,2 l,2000.0,ml
8480000281913,2 l,2000.0,ml
8480000290069,300 g,300.0,g
8480000291301,500 g,500.0,g
8480000291745,1 Kg,1000.0,g
8480000293145,1 l,1000.0,ml
8480000320452,"",,
8480000323163,300 gr,300.0,g
8480000323293,89,0.0,
8480000325242,150ml,150.0,ml
8480000325266,200g,200.0,g
8480000330109,1460g,1460.0,g
8480000330222,345 g,345.0,g
8480000330260,670 g  370g escurrido,670.0,g
8480000330536,835 g,835.0,g
8480000331212,420 g,420.0,g
8480000331823,670 g,670.0,g
8480000331892,135 g,135.0,g
8480000331908,135g,135.0,g
8480000334091,60 g,60.0,g
8480000334169,120 g,120.0,g
8480000340092,200 g,200.0,g
8480000340139,200 g,200.0,g
8480000340146,200 g,200.0,g
8480000340160,400 g,400.0,g
8480000340252,200 g,200.0,g
8480000340276,200 g,200.0,g
8480000340313,400 g,400.0,g
8480000340351,125 g,125.0,g
8480000340436,200g,200.0,g
8480000340467,200 g,200.0,g
8480000340474,200g,200.0,g
8480000340788,200 g,200.0,g
8480000340795,200 g,200.0,g
8480000341167,0.1g,0.1,g
8480000341228,42 g,42.0,g
8480000341259,57 g,57.0,g
8480000341280,20 g,20.0,g
8480000341303,130g,130.0,g
8480000341310,25 g,25.0,g
8480000341433,200 g,200.0,g
8480000341457,200g,200.0,g
8480000341495,49 g,49.0,g
8480000341631,60 g,60.0,g
8480000341648,200 g,200.0,g
8480000341716,70 g,70.0,g
8480000341730,58 g,58.0,g
8480000341778,52 g,52.0,g
8480000341785,27g,27.0,g
8480000341822,85 g,85.0,g
8480000341884,150 g,150.0,g
8480000341938,200 g,200.0,g
8480000342096,60 g,60.0,g
8480000342126,270g,270.0,g
8480000342317,300 g,300.0,g
8480000346056,200g,200.0,g
8480000348111,120 g,120.0,g
8480000348203,250 g,250.0,g
8480000348210,170g,170.0,g
8480000348388,100 g,100.0,g
8480000348654,200 g,200.0,g
8480000348685,250 g,250.0,g
8480000349217,125 g,125.0,g
8480000349248,200 g,200.0,g
8480000362056,175g,175.0,g
8480000390103,1 l,1000.0,ml
8480000390325,1L,1000.0,ml
8480000390332,"",,
8480000391063,"",,
8480000391094,5,0.0,
8480000391193,1 litro,1000.0,ml
8480000391292,"",,
8480000391308,"",,
8480000391919,"",,
8480000392244,200ml,200.0,ml
8480000393944,1 l,1000.0,ml
8480000394033,200 ml,200.0,ml
8480000394040,200 ml,200.0,ml
8480000396044,"",,
8480000396068,"",,
8480000396273,"",,
8480000396402,1 L,1000.0,ml
8480000396433,1 Litro,1000.0,ml
8480000396518,"",,
8480000399007,"",,
8480000399014,1 l,1000.0,ml
8480000399021,1 l,1000.0,ml
8480000399038,990 ml (3 x 330 ml),990.0,ml
8480000399229,1 l,1000.0,ml
8480000399243,1 l,1000.0,ml
8480000399342,330 ml,330.0,ml
8480000399465,1 l,1000.0,ml
8480000399656,330 ml,330.0,ml
8480000500212,200 g,200.0,g
8480000503718,200g,200.0,g
8480000510501,125 g (250 g),125.0,g
8480000510525,1pcs,0.0,
8480000510716,500 g,500.0,g
8480000510723,250 g,250.0,g
8480000511515,50 g,50.0,g
8480000511676,150 g,150.0,g
8480000511812,150 g,150.0,
8480000511829,"",,
8480000511942,250g,250.0,g
8480000511973,Escurrido 150 g / Neto 370g,150.0,g
8480000523075,160 g,160.0,g
8480000523112,160 g,160.0,g
8480000523358,"",,
8480000523365,160 g,160.0,g
8480000530561,2-200gr,200.0,g
8480000530592,400 g,400.0,g
8480000531001,160 g,160.0,g
8480000531438,350 g (2 x 175 g),350.0,g
8480000542090,280 gr.,280.0,g
8480000542106,280g,280.0,g
8480000551085,300 g,300.0,g
8480000551306,"",,
8480000561152,500 gr,500.0,g
8480000561282,400 g,400.0,g
8480000561565,200 g,200.0,g
8480000561695,200 g,200.0,g
8480000566522,140 g,140.0,g
8480000566614,140 g,140.0,g
8480000582287,100 g,100.0,g
8480000582478,"",,
8480000590664,250 g,250.0,g
8480000590756,"125 g (4 x 31,25 g)",125.0,g
8480000590787,"",,
8480000590817,5 u,0.0,
8480000592156,250 g,250.0,g
8480000592224,200g,200.0,g
8480000592231,2 kg,2000.0,g
8480000592330,225 g,225.0,g
8480000592491,200g,200.0,g
8480000592569,200 g,200.0,g
8480000610065,1 kg,1000.0,
8480000610256,450 g,450.0,g
8480000610270,400 g,400.0,g
8480000610348,400 g,400.0,g
8480000611017,1000 g,1000.0,g
8480000612151,1 Kg,1000.0,g
8480000612380,300 g,300.0,g
8480000612519,150 g,150.0,g
8480000612618,1 Kg,1000.0,g
8480000612700,450 g,450.0,g
8480000612724,450 g,450.0,g
8480000612793,450 g (2 x 225 g),450.0,g
8480000612823,1 kg,1000.0,g
8480000612854,300 g,300.0,g
8480000612885,300 g,300.0,g
8480000613028,1 kg,1000.0,g
8480000613059,600 g,600.0,g
8480000631015,600 g,600.0,g
8480000631510,500g,500.0,g
8480000634078,500 g,500.0,g
8480000634511,260 g,260.0,g
8480000634603,520,0.0,
8480000634641,"",,
8480000634771,520g,520.0,g
8480000635013,390 g,390.0,g
8480000635143,420g,420.0,g
8480000635563,410g,410.0,g
8480000635594,400 g,400.0,g
8480000635921,"",,
8480000635938,"",,
8480000636270,600 g,600.0,g
8480000636294,600 g,600.0,g
8480000640000,720 ml,720.0,ml
8480000640123,"750 ml (10 x 75 ml), 770 g (10 x 77 g), 10 Uds",750.0,ml
8480000640130,"",,
8480000641274,6 x 189 g,1134.0,g
8480000641281,1.200 ml (6 x 200 ml),1200.0,ml
8480000641663,350ml 240g,350.0,ml
8480000642479,"",,
8480000644138,"",,
8480000644190,"750 ml (10 x 75 ml), 770 g (10 x 77 g), 10 Uds",750.0,ml
8480000644640,"",,
8480000644916,210 g (6 x 35 g),210.0,g
8480000644923,210g,210.0,g
8480000644992,8 x 50 g,400.0,g
8480000647054,1.200 ml (6 x 200 ml),1200.0,ml
8480000650672,100 g,100.0,g
8480000652133,100 g,100.0,g
8480000652355,45 g,45.0,g
8480000674166,500 g,500.0,g
8480000674173,500 g,500.0,g
8480000681065,600 g,600.0,g
8480000681164,"",,
8480000681379,500g,500.0,g
8480000681881,400 g (4x100g),400.0,g
8480000682048,9 x 100 gr.,900.0,g
8480000682659,4 x 100 g,400.0,g
8480000682666,500g,500.0,g
8480000683229,"",,
8480000683502,250g,250.0,g
8480000683540,130 g,130.0,g
8480000804051,80g neto 60 g escurrido,80.0,g
8480000804129,80 g peso neto,80.0,g
8480000807717,600 g,600.0,g
8480000808592,360 g,360.0,g
8480000808707,360 g (6 x 60 g),360.0,g
8480000820327,700g,700.0,g
8480000820907,,,
8480000820990,300g,300.0,g
8480000821904,170 g,170.0,g
8480000821997,170 g,170.0,g
8480000822277,500 g,500.0,g
8480000822772,300g,300.0,g
8480000822796,250 g,250.0,g
8480000822901,550 g,550.0,g
8480000822956,460 g,460.0,g
8480000823021,720 g,720.0,g
8480000823243,"28 rebanadas, 820 g",820.0,g
8480000823267,820 g,820.0,g
8480000823274,460 g,460.0,g
8480000823281,460 g,460.0,g
8480000823328,330g,330.0,g
8480000823526,500g (16/09/22),500.0,g
8480000823656,250 gramos,250.0,g
8480000824172,250 g,250.0,
8480000824646,200 g,200.0,g
8480000826091,250g,250.0,g
8480000829054,270g (24 unidades),270.0,g
8480000832023,250g,250.0,g
8480000835475,680 g,680.0,g
8480000844293,,,
8850367993482,1 l,1000.0,
8480000590763,"",,
8480000206404,"",,
8480000063335,500 g,500.0,g
8480000644350,500 ml,500.0,ml
8480000592538,300 g,300.0,g
8480000650085,"135 g ,insectos para nuestros hijos e hijas . mejor les damos una manzana.",135.0,g
8480000511461,100 g,100.0,g
8480000644503,"",,
8480000124937,200 g,200.0,g
8437005669765,150 g,150.0,g
8480000142122,225 g,225.0,g
8423102210153,166 g,166.0,g
8480000291004,1kg,1000.0,g
8480000512031,300 g,300.0,g
8413194096131,330ml,330.0,ml
8480000211606,500 g (4 x 125 g),500.0,g
8480000641953,10 x 80 g,800.0,g
8480000653116,300 g,300.0,g
8480000665546,33 cl,330.0,ml
8480000051288,1 kg,1000.0,g
8480000132130,1 kg,1000.0,g
8480000642486,6 x 82 g,492.0,g
8480000680891,4 x 90 g,360.0,g
8480000167576,350 g,350.0,g
8480000642462,444 ml (12 x 37 ml) / 264 g (12 x 22 g),444.0,ml
8480000642219,"",,
8480000114334,40 g,40.0,g
5449000096203,4 l,4000.0,ml
8480000641793,"",,
8410175056535,"",,
8410261273105,1 l,1000.0,ml
8410548000011,1 l,1000.0,ml
8423102210160,2 x 83 g,166.0,g
8480000087270,80 g,80.0,g
8480000186218,"",,
8480000621139,400g,400.0,g
8480000591241,"",,
8480000838698,580 g,580.0,g
8480000620125,"",,
8480000665669,1 l,1000.0,ml
8480000114389,34 g,34.0,g
8411700911305,,,
8480000290359,6 x 33 cl,1980.0,ml
8410793037336,"",,
8480000623034,,,
8480000374172,55g,55.0,g
8480000341136,25g,25.0,g
8480000285713,700ml,700.0,ml
8480000290458,"",,
8480000875983,"",,
8480000107213,"",,
8480000163158,660g (360g escurridos) 16/09/22,660.0,g
8480000198600,250 ml,250.0,ml
5411188131380,0.35 kg,350.0,g
8410014478764,760 g,760.0,g
8480000142009,400 g,400.0,g
8436548782399,540 g,540.0,g
8480000103505,104g,104.0,g
8480000106988,,,
8480000152602,"",,
8480000442802,"",,
8480000715272,"",,
84105905,250ml,250.0,ml
8480000613004,400 g,400.0,g
8480000332356,345g,345.0,g
8410320349642,170 g,170.0,g
8480000651723,100 g,100.0,g
8480000644459,500 ml,500.0,ml
8480000827531,"",,
8480000155993,200ml / 214g,200.0,ml
8480000168078,500 g,500.0,g
8480000697196,,,
8480000107510,"",,
8480000591593,"150g  (4x37,5g)",150.0,g
8480000731609,,,
8480000107800,"",,
8480000107749,"",,
8480000159885,4 x 330 ml,1320.0,ml
8480000157935,500ml,500.0,ml
8480000155979,440 g (10 x 44 g),440.0,g
8480000224767,340 g,340.0,g
8480000223111,480 g (4 x 120 g),480.0,g
8480000223166,700ml,700.0,ml
8480000592545,,,
8480000221261,"",,
8480000221827,120g,120.0,g
8480000551429,,,
8480000226129,100,0.0,
8480000155306,"",,
8480000230102,250 g,250.0,g
8480000605153,,,
8410109121551,265 g,265.0,g
8480000829337,12,0.0,
8480000681317,,,
8480000229779,200 ml,200.0,ml
8480000232649,500 g (4 x 125 )g,500.0,g
8480000230515,1 litro,1000.0,ml
8480000609557,8 x 125 g,1000.0,g
8480000233592,550 g,550.0,g
8480000829313,430g,430.0,g
8480000231550,10 x 23 g,230.0,g
8480000608468,550 g,550.0,g
8480000234049,,,
8480000670601,200 ml,200.0,ml
8480000238238,,,
8480000862761,"",,
8423102210351,150 g,150.0,g
8480000867667,250 g,250.0,g
8480000865991,2 x 300 g,600.0,g
8480000866004,600 g,600.0,g
8480000864772,100g,100.0,g
8480000869050,,,
8480000676085,1 kg,1000.0,g
8480000609540,350 g,350.0,g
8480000865939,,,
8480000600097,,,
8480000805041,1 L,1000.0,ml
8480000137975,"",,
8480000403582,200 g,200.0,g
8402001008863,450 g,450.0,g
8402001010200,500g,500.0,g
8480000524072,,,
8480000679475,"",,
8032804431942,500g,500.0,g
8402001010064,450 g,450.0,g
8402001012150,4x100g,400.0,g
8402001008870,450 g,450.0,g
8720182697356,"",,
8480000055996,"",,
8402001012051,125 g,125.0,g
8402001010224,565 g,565.0,g
8436569263174,400 g,400.0,g
8402001011825,"17,85 g",17.85,g
8436562250546,,,
8480000137968,"",,
8480000679680,300 g,300.0,g
8480000846846,380 g,380.0,g
8402001008917,"",,
8480000608741,450 g,450.0,g
8436021418616,240 g,240.0,g
8436569263259,,,
8480000587329,"",,
8402001019715,"",,
8402001019272,"",,
8402001022135,500 G,500.0,g
8402001021534,"",,
8402001022807,240g (2x120g),240.0,g
8436569263365,"",,
8428390829834,,,
8402001026836,"",,
5449000329028,,,
8435472603831,,,
8480000468086,200 ml,200.0,
3600531324506,"",,
8480000472939,"",,
8480000134370,,,
8402001009334,,,
3600531324551,"",,
3520710007306,"",,
8480000724113,"",,
8402001013058,,,
8480000234315,,,
8402001009273,,,
8410909241879,"",,
8402001013751,,,
8480000478245,8 unid,0.0,
8480000423214,,,
8480000434845,2 X 40g,80.0,g
8480000600462,"",,
8480000862310,"",,
8480000159878,,,
8402001013720,,,
8402001022715,,,
8480000733481,,,
8402001026669,,,
5601560111882,120 g,120.0,g
5601560111905,100 g,100.0,g
8410000005349,8pcs,0.0,
8410014238450,325 g,325.0,g
8410034075103,200 g,200.0,g
8410034504191,150 g,150.0,g
8410034546153,"",,
8410034548157,150 g,150.0,g
8410055150018,"1,5 l",1500.0,ml
8410055151022,1 l,1000.0,ml
8410084041110,1kg,1000.0,g
8858984820808,309 g,309.0,g
8480000160041,320 g (2 x 160),320.0,g
8480000822871,550g,550.0,g
8480000180315,6 x 80g,480.0,g
8480000160126,"",,
8480000823304,300 g,300.0,g
8480000050632,1 kg,1000.0,g
8410175056610,,,
8410783332090,200g,200.0,g
8420887110500,500 ml,500.0,ml
8480000636287,580 g,580.0,g
8437010848230,125,0.0,
8480000494023,"",,
8480000650771,200 g,200.0,g
8480000613684,450 g,450.0,g
8480000092649,500 g,500.0,g
8480000198976,1 kg,1000.0,g
8480000531414,704 g,704.0,g
8480000590800,100 g,100.0,g
8480000141514,23 g,23.0,g
8480000173478,250ml,250.0,ml
8710912054375,"",,
8480000100542,"",,
8480000828309,250 g,250.0,g
8480000808943,4 x 80 g,320.0,g
8425514135031,"",,
8480000239266,1 l,1000.0,ml
8410128276003,"",,
8480000293220,"",,
8480000621795,,,
8480000642493,6 x 120 ml,720.0,ml
8480000342621,100 g,100.0,g
8480000636065,400 g (2 x 200 g),400.0,g
8480000114402,15 g,15.0,g
8480000349620,150 gramos,150.0,g
8480000642516,6 x 65 g,390.0,g
8480000512185,150 g (250 g),150.0,g
8480000633231,"",,
8480000631619,500 g,500.0,g
8480000106766,"",,
8410175056580,235 g,235.0,g
8437011917010,750 g,750.0,g
8480000091888,1l,1000.0,ml
8480000634764,"",,
8480000095473,400g,400.0,g
8480000290168,250g,250.0,g
8480000341846,56 g,56.0,g
8480000051844,"",,
8480000242068,"",,
8480000512109,250 g,250.0,g
8420887120509,3 l,3000.0,ml
8480000667649,"",,
8480000288226,1l,1000.0,ml
8420887141504,9 l,9000.0,ml
8480000876072,"",,
8480000795946,"3,9 g x 20",3.9,g
8411700603613,,,
8437013176156,500 g,500.0,g
8994010000186,822 g,822.0,
8410261172002,750 ml,750.0,ml
8480000240163,375 g,375.0,g
8480000114532,24 g,24.0,g
8480000610898,300 g,300.0,g
8480000610935,300 g,300.0,g
8480000671257,,,
8420887050332,"1,98 l",1980.0,ml
8480000290649,2 l,2000.0,ml
8480000331007,290 g,290.0,g
8859585800152,1pcs,0.0,
8712000900298,6x25 cl.,1500.0,ml
8480000473493,"",,
8480000336392,150 g,150.0,g
8480000202871,500 g (4 x 125 g),500.0,g
8480000038524,200g,200.0,g
8480000290175,1 kg,1000.0,g
8480000114709,30g,30.0,g
8436021415875,500g,500.0,g
8480000651778,45 g,45.0,
8480000111784,500 g,500.0,g
8480000134516,200 g,200.0,g
8480000827449,4 x 50 g (200 g),200.0,g
8480000651617,45 g,45.0,g
8480000136312,250 g,250.0,g
8480000869982,10 sobre de 7g,70.0,g
8480000551368,"",,
8480000138484,1 l,1000.0,ml
8480000640390,,,
8480000156044,,,
8480000106971,"",,
8480000107770,,,
8480000138460,1 l,1000.0,ml
8480000156594,,,
8480000168641,300g,300.0,g
8480000138477,6 x 1 l,6000.0,ml
8480000221544,345 g,345.0,g
8480000710338,,,
8480000221650,,,
8480000135773,"",,
8710447493885,,,
8437020763233,,,
8480000224088,100 g,100.0,g
8480000226143,700ml,700.0,ml
8480000491763,"",,
8480000228239,105g,105.0,g
8480000231390,420 g,420.0,g
8480000231383,210 g,210.0,g
8436009678148,300 g,300.0,g
8480000221803,120g,120.0,
8480000679970,"",,
8480000222459,2 x 150 g,300.0,g
8480000245113,250g,250.0,g
8480000633217,350 g (4 x 87.5 g),350.0,g
8480000237736,100 g,100.0,g
8480000608314,280 g,280.0,g
8480000228604,12 unidades,0.0,
8480000707406,500 g,500.0,g
8480000108364,,,
8421427004501,500g,500.0,g
8480000664921,,,
8480000232939,112 g,112.0,g
8480000223432,400 g,400.0,g
8480000684493,,,
8480000235282,100g,100.0,g
8480000235794,600 g,600.0,g
8480000679499,1 l,1000.0,ml
8480000234100,388 g,388.0,g
8480000238207,,,
8480000230485,6 x 1 l,6000.0,ml
8480000236227,"",,
8413041328057,,,
8480000158468,1 l,1000.0,ml
8480000864673,400g,400.0,g
8480000675866,"",,
8480000676597,,,
8480000865878,350 g,350.0,g
8480000679536,250gr,250.0,g
8480000865113,,,
8480000865106,2x100g,200.0,g
8480000609335,"",,
8480000866561,115g,115.0,g
8402001007033,600 g,600.0,g
8480000603074,500g,500.0,g
8402001007798,"",,
8480000137142,,,
8480000168337,200g,200.0,g
8426188006139,"",,
8402001005602,"",,
8480000053985,130g,130.0,g
8480000625021,460g,460.0,g
8480000691668,3 kg,3000.0,g
8402001010873,500g,500.0,g
8480000505439,300 g,300.0,g
8402001001246,"",,
8480000676092,1 kg,1000.0,g
8480000228048,"",,
8719200265806,400gr unidad,400.0,g
8480000157683,12,0.0,
8402001014116,"",,
8480000233677,"",,
8480000631701,400 g,400.0,g
8402001019876,540ml,540.0,ml
8402001017827,150 g,150.0,g
8402001016868,2 x 110 g,220.0,g
8718951465152,"",,
8480000679390,,,
8436548784591,,,
8480000625014,"",,
8402001021596,200ml,200.0,ml
8402001021404,120 g (6 x 20 g),120.0,g
8402001024122,250 g,250.0,g
8402001023750,"",,
8480000796325,250ml,250.0,
3600541338869,"",,
8480000468970,"",,
8480000707635,,,
8402001018060,,,
8480000794086,100 Und,,
8480000430755,"",,
8480000440198,,,
8480000724106,"",,
8480000230195,"",,
8480000521354,200 g,200.0,
8480000442895,"",,
8480000677952,"",,
8402001010972,,,
8480000495891,,,
8480000465788,"",,
8480000521187,"",,
8480000503268,"",,
8402001006463,,,
8480000468697,,,
8480000468666,150ml,150.0,
8402001013119,,,
8480000155603,"1,5 kg",1500.0,
8402001013881,,,
8402001017940,,,
8480000468536,,,
42397311,50 ml,50.0,
8480000226327,100 ml,100.0,ml
8402001012006,30 un,0.0,
3119780250110,25 cl,250.0,ml
8000040001106,0.7l,700.0,ml
8007640982163,120 g (3 x 40 g),120.0,g
8008910231271,200 g,200.0,g
84100559,4 sobres x 12g/16 porciones,48.0,g
8420887000061,6 l,6000.0,ml
8420887000078,500 ml,500.0,ml
8420887001006,1 l,1000.0,ml
8420887021509,"1,5 l",1500.0,ml
8420887028003,8 l,8000.0,ml
8420887131505,"1,5 l",1500.0,ml
8712000030599,250 ml e,250.0,ml
9002490100070,250ml,250.0,ml
8480000206589,6 x 100 g,600.0,g
3073781014129,"",,
8480000150684,440 g,440.0,g
8480000826657,120g  (16/09/22),120.0,g
8480000334404,50 g,50.0,g
8994010000179,680 grms,0.0,
8480000094926,500 g,500.0,g
8410261152011,1.5 l,1500.0,ml
7613032378240,800g,800.0,g
8480000063632,500 g,500.0,g
8480000331410,350g 190g escurrido,350.0,g
8480000330789,360 g,360.0,g
8005709104839,500 g,500.0,g
8480000212566,500 g,500.0,g
8710912029939,300 g,300.0,g
8437013139106,400 g,400.0,g
8480000827883,100g,100.0,g
8480000349644,150g,150.0,g
8480000142146,2 x 400 g,800.0,g
8480000110497,10 x 2 g,20.0,g
8480000640666,8 x 60 ml,480.0,ml
8480000512284,200 g,200.0,g
8480000107220,"",,
8480000290465,330 ml,330.0,ml
8480000290793,2 l,2000.0,ml
8480000290403,330 ml,330.0,ml
8480000200310,500 g (4x125g),500.0,g
8480000847850,4 x 60g,240.0,g
8480000323699,"",,
8480000290427,330 ml,330.0,ml
8480000621313,"",,
8480000613547,600 g,600.0,g
8480000042651,280 g,280.0,g
8480000650597,"Mercadona, pionero de meter insectos, en productos para niños .",0.0,
8413194091945,250 ml,250.0,ml
8410310615795,750 ml,750.0,ml
8480000341204,58g,58.0,g
8480000125316,200 g,200.0,g
8480000804181,74 g,74.0,g
8427163301997,4 g,4.0,
8437008711379,"",,
8480000125330,200 g,200.0,g
8480000641458,"",,
8480000512307,250 g,250.0,g
8480000125439,200 g,200.0,g
8480000637390,300 g,300.0,g
8480000285744,330 ml,330.0,ml
8480000110077,1000 g,1000.0,g
8480000213624,"",,
8480000521705,"",,
8480000521576,"",,
8480000521675,100 g,100.0,g
8480000664327,"",,
5449000131768,,,
8410055150070,9 l,9000.0,ml
8480000392800,1 l,1000.0,ml
8711700579735,750 ml,750.0,
8480000240231,"",,
8410548000035,1 l,1000.0,ml
8480000512345,180g,180.0,g
8411767164133,750 ml,750.0,ml
8005130001530,700 ml,700.0,ml
8480000084484,"",,
8480000641472,8 x 100 ml,800.0,ml
8480000807953,500g,500.0,g
8480000651396,31g,31.0,g
8480000669940,"",,
8480000142429,200 g,200.0,g
8410189047659,,,
8480000809803,220gr,220.0,g
7613039490266,390 g,390.0,g
8480000111753,40 g,40.0,g
8480000213662,1000000000g,1000000000.0,g
8480000838865,820g,820.0,g
8480000290809,500 ml,500.0,ml
8480000651433,90 g,90.0,g
8480000291349,1 kg,1000.0,g
8480000509994,,,
8480000134462,4x100g,400.0,g
8480000124173,120g,120.0,g
8480000078636,500 g,500.0,g
8414100388630,33 cl,330.0,ml
8480000138118,300g,300.0,g
8480000220813,100 gramos,100.0,g
8410031970913,144g,144.0,g
8480000228369,500 g,500.0,g
8480000227676,,,
8480000156471,6 x 1 l,6000.0,ml
8423102210344,172 g (2x86 g),172.0,g
8480000120373,200 g,200.0,g
8480000478191,750 ML,750.0,ml
8480000233530,,,
8480000230478,,,
8480000607102,200 g,200.0,g
8480000157782,100 g,100.0,g
8480000227034,100 g,100.0,g
8480000221797,120g,120.0,
8480000651235,90 g,90.0,g
8480000159861,2 kg,2000.0,g
8480000229106,"",,
8480000230508,"",,
8480000232892,220 g,220.0,g
8480000234056,,,
8719200230989,225 g,225.0,g
8480000609649,75 g,75.0,g
8480000868206,300 g,300.0,g
8480000866011,,,
8480000861375,"",,
8480000804501,,,
8480000860408,,,
8480000501400,,,
8480000733313,370 g (670 g),370.0,g
8480000235152,"",,
8480000802927,1 kg,1000.0,g
8480000223494,1k,0.0,
8402001014581,1 l,1000.0,ml
8402001010194,500 g,500.0,g
8032804431966,"",,
8720182698261,,,
8480000054647,,,
8402001012068,"",,
8480000603234,100g,100.0,g
8480000055224,140g,140.0,g
8480000790071,,,
8480000238375,150 g,150.0,g
8410500029470,,,
8480000054807,670 g,670.0,g
8480000679406,33cl,330.0,ml
8720608039593,"40 bags/sachets,  116 g",116.0,g
8402001018299,"",,
8410109128994,100 g,100.0,g
5010504100095,700ml,700.0,ml
8402001009525,70cl,700.0,ml
8402001019418,"",,
8402001016455,"",,
8402001011047,1kg,1000.0,g
8402001013195,"",,
8402001020865,500 ml,500.0,ml
8402001011832,"",,
8402001012266,"",,
8402001018855,"",,
8437023917824,"",,
8445291083974,"",,
8411396001359,,,
8402001009013,,,
5449000325983,33cl,330.0,ml
8402001018602,,,
8402001025976,"",,
8402001017889,,,
8480000603067,500 g,500.0,g
8402001014154,,,
8410569016046,,,
8480000468925,,,
8480000467942,"",,
8720181072130,200 ml,200.0,ml
8480000472915,100 uds.,,
8480000469939,"",,
8480000466990,500 ml,500.0,ml
8480000466433,"",,
4005900045331,"",,
8402001022814,,,
8402001016059,,,
5906716201562,"",,
7613035268388,125 g,125.0,g
7622300165628,160 g (4 x 40 g),160.0,g
8003340073545,200 g,200.0,g
8003938005842,180 g,180.0,g
8410891060304,180 g,180.0,g
8410946000125,350 g,350.0,g
8410946000149,350 g,350.0,g
8410973643395,210 g,210.0,g
8411241000537,175 g,175.0,g
8411327022019,33 cl.l,330.0,ml
8411327122016,33cl,330.0,ml
8411384009855,300 ml,300.0,ml
8411384100941,1000 ml,1000.0,ml
8411471101639,neto 800g / escurrido 350g,800.0,g
8411547001085,"1,5 l",1500.0,ml
8411700005837,1200ml,1200.0,ml
8411700010015,1litro,1000.0,ml
8411700011302,1 l,1000.0,ml
8411713111068,500g,500.0,g
8480000102768,"",,
8480000800572,"78,6 g",78.6,g
5449000034298,2 Litros,2000.0,ml
8480000635853,"",,
8480000180117,111 g (78 g),111.0,g
8414389019379,250g,250.0,g
8480000832030,750 g,750.0,g
8480000681720,600 g,600.0,g
8480000182142,2 x 90 g,180.0,g
8410656007636,"",,
8411767805104,750 ml,750.0,ml
8480000323606,20 g,20.0,g
8480000636232,410 g,410.0,g
8480000201966,250 g,250.0,g
8480000512017,"280 g bruto, 125 g neto",280.0,g
8410500017538,1000 g (100 g x 10),1000.0,g
8480000348227,270 g,270.0,g
8480000504012,250 g,250.0,g
4066600611301,6 x 330ml,1980.0,ml
8480000146397,"150 g (4 x 37,5 g)",150.0,g
8480000186188,"111 g, 8/12",111.0,g
8480000846549,182 g,182.0,g
8480000290342,"",,
8480000635037,430 g,430.0,
8480000530486,2 x 175 g,350.0,g
8480000642301,"",,
8480000645098,1000 ml / 720 g,1000.0,ml
8480000645203,378 g / 510 ml,378.0,g
8480000132123,500 g,500.0,g
8416400052143,128 g,128.0,g
8480000117779,224 g,224.0,g
8480000242341,"",,
8480000566478,120,0.0,
8480000117304,"",,
8480000110510,20 g,20.0,g
8480000117151,250 g,250.0,g
8480000630070,400 g,400.0,g
8480000593405,150 g,150.0,g
8480000117526,250 g,250.0,g
8437008011004,6 l,6000.0,ml
8480000829382,180 g,180.0,g
8480000106889,250 ml,250.0,ml
8411547001092,9 l,9000.0,ml
8480000197498,1kg,1000.0,g
8480000280343,,,
8480000682710,6 x 100 g,600.0,g
8480000624017,450 g,450.0,g
8412449104430,750 ml,750.0,
8437008040332,"1,98 l",1980.0,ml
8414601138574,750 ml,750.0,ml
8410490267227,700ml,700.0,ml
8480000610928,300 g,300.0,g
8480017206381,,,
8437008459035,6 l,6000.0,ml
8480000290472,6 x 33 cl,1980.0,ml
8480000210616,480 g (4 x 120 g),480.0,g
8480000635280,8 x 50 g,400.0,g
8480000631596,500g,500.0,g
8480000640871,"",,
8480000796219,"",,
8480000110541,40 g,40.0,g
8480000796554,"",,
8411327005760,,,
8480000695901,,,
8410783344468,200 g,200.0,g
8480000310101,6 ovos,0.0,
8480000213327,"",,
8480000136008,8*39g,312.0,g
8480000155450,500 g,500.0,g
8480000524058,375 g,375.0,g
8480000433206,"",,
8410275002135,5 l,5000.0,ml
8480000137005,500 g,500.0,g
8480000135988,250 g (243 ml),250.0,g
8480000223135,750 g (6 x 125 g),750.0,g
8480000224118,290 g,290.0,g
7630040405263,"",,
8410719006514,"",,
8480000224880,"",,
8480000241207,,,
8480000108470,,,
8480000235961,160 g,160.0,g
8410590111086,6 x 33 cl.,1980.0,ml
8007640964008,180 g (3 x 60 g),180.0,g
8480000607225,100.g.,0.0,
8480000404138,"",,
8480000106445,250ml,250.0,ml
8480000676375,200 g,200.0,g
8480000849007,"",,
8480000236760,750 ml,750.0,ml
8410199023537,80 g,80.0,g
8480000877345,230g,230.0,g
8480000607485,"",,
8480000865274,250g,250.0,g
8480000244772,,,
8480000862150,250 g,250.0,g
8480000497529,20 und,0.0,
8480000497055,30 und,,
8480000243867,,,
8480000860873,8 x 125 g,1000.0,g
8413041318058,,,
8480000862884,300 g,300.0,g
8480000620484,,,
8411327022125,12,0.0,
8480000864833,"4 tortitas (27,3 g)",27.3,g
8718951477957,100 ml,100.0,ml
8480000609267,,,
8480000804921,"",,
8480000732491,127 g (6),127.0,g
8480000802910,,,
8402001008849,65G,65.0,g
8402001011696,6 x 35 g,210.0,g
8445290686879,"",,
8445290686848,725 g,725.0,g
8480000142399,"",,
8480000295408,420g,420.0,g
8480000235312,111 g (63 g),111.0,g
8402001010101,"",,
8480000690999,,,
8402001015441,"",,
8411135006263,170 ml,170.0,
8480000524065,2 x 250 g,500.0,g
8424465915228,165 g,165.0,g
8480000603463,,,
8480000055989,25 g,25.0,g
5449000055200,12x33 cl.,3960.0,ml
8480000119711,"",,
8480000234292,"",,
8402001021466,"",,
8402001021992,210 g,210.0,g
8402001017896,85 g,85.0,g
8402001011801,"",,
8480000055880,110g x3,110.0,g
8480000631459,,,
8480000093691,,,
8402001021985,65 g,65.0,g
8402001017919,"",,
8480000877550,,,
8402001023712,"",,
8402001020520,"",,
8402001026379,1pcs,0.0,
8480000860767,"",,
8402001028793,,,
8402001026485,4 unidades,0.0,
8402001019845,4 x 120 g,480.0,g
8402001024917,,,
8436021418647,280 g,280.0,g
8436021419484,,,
